name,category,tier,deadline,eligibility,cost,aid,notes,url,source
Connecticut Science & Engineering Fair (CSEF),ct_local,🟢 Watch List,Project registration typically November-December; state fair in March,Grades 6-12 enrolled in Connecticut schools or homeschooled in CT,$0 (free to participate),"Winners receive cash awards, scholarships, and expenses-paid trip to Regeneron ISEF","Major CT science fair with multiple category awards (behavioral sciences, biochemistry, chemistry, computer science, engineering, environmental science, math, microbiology, physics). Top winners advance to Regeneron ISEF (international), which is highly prestigious. Also feeds into Broadcom Masters for middle school. Student must conduct original research project. Strong resume builder for selective colleges.",https://csef.ctscienceandengineeringfair.org/,csef.ctscienceandengineeringfair.org
UConn Mentor Connection,ct_local,🟢 Watch List,Typically January-February for summer program admission,Rising high school juniors and seniors (grades 11-12),"~$3,000-$4,000 (residential program including tuition, room, board, and activities)",Need-based scholarships and merit-based awards available; some students receive full or partial scholarships,"Premier UConn pre-college research program. Students conduct real publishable research with faculty, culminating in a research symposium presentation. Fields include biology, chemistry, engineering, computer science, psychology, and more. Excellent for demonstrating research capability on college applications. One of the best CT-based pre-college research programs.",https://mentorconnection.uconn.edu/,mentorconnection.uconn.edu
UConn Early College Experience (ECE),ct_local,🟢 Watch List,"Varies by high school; typically early fall for fall courses, early spring for spring courses",Connecticut high school students (grades 10-12) at participating high schools with approved UConn ECE instructors,"$45/credit (typical 3-credit course costs $135, compared to ~$1,500+ at UConn)",Need-based financial aid available; some high schools cover costs for qualifying students,"Over 100 UConn course options across sciences, math, English, history, languages, and more. Courses range from introductory to advanced (e.g., Calculus, Biology, Chemistry, Physics, Computer Science, Economics). Credits transfer to most colleges and universities. Excellent for demonstrating college-level work. Indian American students often take multiple ECE courses. Can earn substantial college credit before graduation.",https://ece.uconn.edu/,ece.uconn.edu
UConn Pre-College Summer Programs,ct_local,🟢 Watch List,Typically March-May for summer programs (rolling admissions in some cases),High school students (rising 10th-12th graders); specific programs may have grade requirements,"Varies by program; typically $500-$3,000 depending on length and type (residential vs. commuter)",Limited scholarships and financial aid available,"UConn offers various pre-college summer programs including subject-specific academies (e.g., engineering, pharmacy, nursing, business). Some programs offer college credit. Good for building UConn connections and exploring potential majors.",https://summer.uconn.edu/high-school/,summer.uconn.edu
Connecticut FIRST Robotics (FIRST Tech Challenge & FRC),ct_local,🟢 Watch List,Team registration typically September-October; competitions run December-April,"CT students in grades 7-12 (FTC: 7-12, FRC: 9-12)","Varies by team ($200-$5,000+ including robot parts, registration, travel)",Grants from FIRST and sponsors; many teams raise funds through community sponsorships,"CT hosts multiple FRC district events (e.g., Hartford, Farmington, Waterbury). Strong CT teams regularly advance to FIRST World Championship in Houston. Excellent for demonstrating engineering, programming, teamwork, leadership. Indian American students well-represented. Can also explore Dean's List Award for individual recognition.",https://ctfirst.org/,ctfirst.org
American Mathematics Competitions (AMC 10/12) - Connecticut,ct_local,🟢 Watch List,Typically November for AMC 10/12 A (early registration) and January for AMC 10/12 B,AMC 10: grades 10 and below; AMC 12: grades 12 and below,~$10-15 per student (usually paid by school or student),Fee waivers available for eligible students,"Gateway math competition for college admissions. Strong AMC/AIME performance is highly valued by selective colleges including MIT, Harvard, Stanford. Indian American students historically excel in these competitions. CT has active competition community. Consider also Purple Comet, Harvard-MIT Math Tournament (HMMT), and other math competitions.",https://www.maa.org/math-competitions/amc-8-amc-10-amc-12,MAA (maa.org)
Connecticut Science Olympiad (Division C),ct_local,🟢 Watch List,School team registration in fall; state competition typically in March-April,CT students in grades 9-12 (Division C); must be part of a school-based team (max 15 members per school),$50-250 per team (school typically covers registration fee),Fee waivers available for Title I schools,"National STEM competition with events: Anatomy & Physiology, Astronomy, Chemistry Lab, Codebusters, Disease Detectives, Dynamic Planet, Experimental Design, Forensics, Materials Science, Optics, and more. CT state winner advances to National Tournament. Strong resume builder, especially for students who place at state or national level. Good for demonstrating breadth of STEM knowledge.",https://www.soinc.org/state/connecticut/,soinc.org
Connecticut Invention Convention (CTIC),ct_local,🟢 Watch List,Varies (typically winter-spring; check website for current year dates),"Connecticut students, K-12 (divided into grade-level divisions with high school division)",$0 (free to participate),Award prizes; winners advance to national competition (NICEE),"Competition where students identify a problem and develop an original invention or innovation. Develops creativity, problem-solving, entrepreneurship, and presentation skills. Winners advance to national level. Strong for Indian American students interested in STEM, engineering, or business.",https://ctinventionconvention.org/,ctinventionconvention.org
Connecticut Technology Student Association (CT TSA),ct_local,🟢 Watch List,Fall for membership registration; state competition typically March-April,CT students grades 9-12 (high school division); must have TSA chapter at school,~$25-35 membership + competition fees (often covered by school),May be available through school or state TSA,"Competitions include: CAD Engineering, Architectural Design, Biotechnology Design, Coding, Cybersecurity, Dragster Design, Engineering Design, Flight, Forensic Technology, Photographic Technology, Robotics, Video Game Design, and more. State winners advance to National TSA Conference. Excellent for tech-interested Indian American students.",https://tsaweb.org/state-connections/connecticut,tsaweb.org
Yale Youth Programs (Office of New Haven & State Affairs),ct_local,🟢 Watch List,Varies by program (applications typically open fall and spring),"New Haven and Connecticut youth, various age ranges (K-12)",Varies (many programs are free or low-cost),Free or low-cost; financial aid available for programs with fees,"Umbrella page for Yale's various youth outreach programs. Programs include: STEM Pathways (Saturday STEM classes), Yale College Tutoring, Horizons at Yale, and more. Excellent way to build Yale connections and access Yale resources while in high school.",https://newhaven.yale.edu/youth-programs,newhaven.yale.edu
University of New Haven High School Programs,ct_local,🟢 Watch List,Varies by program (typically spring for summer academies; rolling for dual enrollment),High school students (grades 9-12); specific programs have grade requirements,"Varies (summer academies: $500-$1,500; dual enrollment: per-credit tuition fees)",Limited scholarships available for summer programs,"UNH offers dual enrollment (college credit courses at reduced rate) and summer academies. UNH is known for its forensic science, cybersecurity, and engineering programs. Good for exploring specific career interests in a hands-on environment.",https://www.newhaven.edu/admissions/high-school-programs/index.php,newhaven.edu
Connecticut Higher Education Regional Centers (HERC) Dual Enrollment,ct_local,🟢 Watch List,Varies by center (typically before each semester; check website for dates),Connecticut high school students (grades 9-12),Reduced tuition for high school students (typically $50-200 per course),Need-based aid may be available through individual centers,"CSCU regional centers offer high school students the chance to take transferable college courses. Good complement to UConn ECE. Courses in general education, sciences, math, writing, and more. Credits transfer to CT state universities and many private colleges.",https://www.ct.edu/herc,ct.edu/herc
CAS-CIAC Academic Competitions (Connecticut Association of Schools),ct_local,🟢 Watch List,Varies by competition (typically fall registration for Quiz Bowl season),CT students at CAS-CIAC member schools (most CT public and private schools),Varies by event (often covered by participating schools),N/A,"CAS-CIAC organizes academic competitions for CT schools including: Quiz Bowl, debates, visual arts, creative writing, and leadership programs. Check with school advisor for participation. Good for demonstrating teamwork and academic breadth.",https://www.casciac.org/,casciac.org
Yale Open Yale Courses (OYC),ct_local,🟢 Watch List,"Open enrollment (anytime - self-paced, no deadlines)","Open to all (no restrictions, application, or enrollment needed)",$0 (completely free; no registration or fees),Free - no cost for anyone,"Full Yale course recordings and materials available free online. Courses include: Introduction to Psychology, Philosophy of Death, Fundamentals of Physics, Principles of Economics, Moral Foundations of Politics, and dozens more. Demonstrates intellectual curiosity and academic initiative on college applications. Can take courses in areas of interest to build depth.",https://oyc.yale.edu/,oyc.yale.edu
UConn Avery Point Summer Marine Sciences Program,ct_local,🟢 Watch List,Varies (typically spring for summer programs),"High school students, CT residents preferred for some programs","Varies by program (typically $500-$1,500 for multi-day programs)",Limited scholarships may be available,"UConn's coastal campus offers unique marine science programs including hands-on research with faculty, boat-based field work, and lab experiences. Good for students interested in marine biology, environmental science, or oceanography.",https://averypoint.uconn.edu/academics/summer-programs/,averypoint.uconn.edu
Connecticut State Department of Education Summer Enrichment Programs,ct_local,🟢 Watch List,Varies by program (typically early spring for summer enrollment),"Connecticut students, K-12 (varies by specific program)",Varies (many are free or low-cost for CT residents),Many programs are free or offer financial aid for eligible CT residents,"Comprehensive resource listing academic enrichment programs across CT. Includes Governor's Summer Reading Challenge, STEM camps, arts programs, and more. Good starting point for finding additional CT-specific opportunities.",https://portal.ct.gov/sde/student-support/summer-programs-and-enrichment,portal.ct.gov
SUCCESS Program at Goodwin University (CT College & Career Readiness),ct_local,🟢 Watch List,Varies (typically spring for summer sessions),Connecticut high school students,Varies; may be free for qualifying CT students,May be free or low-cost for CT residents; check eligibility,"Part of CT's college and career readiness ecosystem. Check for similar programs at other CT universities including Central CT State, Southern CT State, Western CT State, and Eastern CT State.",https://www.goodwin.edu/success/,goodwin.edu
CT Junior Science & Humanities Symposium (JSHS),ct_local,🟢 Watch List,Typically November-December for abstract submission; symposium in February-March,CT high school students (grades 9-12) conducting original research in STEM fields,$0 (free to participate),Cash awards for winners; expenses-paid trip to National JSHS for regional winners,"JSHS is a DoD-sponsored research competition. Regional symposium held at a CT university. Categories include: environmental sciences, life sciences, physical sciences, engineering, math/computer science. Winners advance to National JSHS (fully funded trip). Good alternative or supplement to CSEF for research-oriented students.",https://www.jshs.org/regional-programs/connecticut,jshs.org
Wesleyan University Summer Programs for High School Students,ct_local,🟢 Watch List,Typically February-April for summer session applications,High school students (rising juniors and seniors typically),"Varies ($3,000-$6,000+ for residential programs including tuition, room, and board)",Need-based financial aid available; limited merit scholarships,Wesleyan offers college-credit courses and non-credit workshops in various disciplines. Select courses for college credit. Small class sizes. Good for students interested in liberal arts environment.,https://www.wesleyan.edu/admissions/summer/index.html,wesleyan.edu
CHOICES Program at CT College (College Prep),ct_local,🟢 Watch List,Varies (typically spring for summer programs),"High school students, CT residents preferred for some programs",Varies by program,Financial aid available for eligible students,Connecticut College in New London offers the CHOICES program (summer residential experience) and other pre-college opportunities. Check website for current offerings.,https://www.conncoll.edu/admission-aid/high-school-programs/,conncoll.edu
PSAT/NMSQT — Fall 2026,exams,🟢 Watch List,School-dependent; typically September 2026. Register through your high school guidance office.,10th and 11th graders,$18 (typical; varies by school; some schools cover the fee),Fee waivers available for low-income students through College Board,"Primary test date: Wednesday, October 14, 2026. Alternate date: Saturday, October 28, 2026 (varies by school). Schools choose one date. Scores released approximately December 2026. National Merit Semifinalists announced September 2027.",https://collegeboard.org/psat-nmsqt,College Board / National Merit Scholarship Corporation (NMSC) historical schedule
SAT — August 2026,exams,🟢 Watch List,Registration deadline typically late July 2026. Late registration with fee adds about 2 weeks after deadline.,No age/grade restriction typically; recommended for 11th and 12th graders,$60.00 (no optional essay; essay discontinued in 2024),Fee waivers available for low-income students (up to 2 free SATs),"Test date: Saturday, August 22, 2026 (projected based on typical 4th-Saturday-in-August schedule). Score release ~2 weeks later. Digital format, adaptive, ~2 hours 14 minutes.",https://collegeboard.org/sat,College Board historical test date patterns (2026-2027 official schedule expected to be published May/June 2026)
ACT — September 2026,exams,🟢 Watch List,Regular registration: ~4 weeks before test date. Late registration: ~2 weeks before test date.,No grade restriction,"$63.00 (without Writing), $88.00 (with Writing)",Fee waivers available for low-income students (up to 4 free ACTs),"Test date: Saturday, September 12, 2026 (projected based on ACT's typical 2nd-Saturday-in-September pattern). Score release ~2-8 weeks.",https://act.org,"ACT, Inc. historical test date patterns (2026-2027 schedule expected by summer 2026)"
AP Exams — May 2027,exams,🟢 Watch List,"School-dependent: typically November 15, 2026 (full order deadline) or March 1, 2027 (exam ordering deadline). Late fees apply after November.",Students enrolled in AP courses at their school (or authorized self-study with school approval),$98.00 per exam ($102.00 in some international locations). Late fee: $43.00 per exam.,Fee reductions of $36 per exam for qualifying low-income students. School-based CAP grants may apply.,"Two-week testing window: Weeks 1 and 2 of May 2027 (May 3-7 and May 10-14, 2027, projected). AP Seminar end-of-course exams in late April. Late testing: May 17-21, 2027. Schedule varies by subject.",https://ap.collegeboard.org,College Board AP Exam administration schedule (historical patterns for 2027)
CLT (Classical Learning Test) — 2026-2027,exams,🟢 Watch List,Rolling registration; register 1-2 weeks before preferred test date. CLT at Home: register at least 5 days before.,Open to all high school students. No age/grade restriction.,$60.00 (CLT test center and CLT at Home). Retake fee: $35.00.,CLT4ALL scholarship program provides free testing. Fee waivers available by request.,"Offered year-round on multiple dates. Common 2026-2027 test dates: Sep 2026, Oct 2026, Nov 2026, Jan 2027, Feb 2027, Mar 2027, Apr 2027, May 2027, Jun 2027. CLT10 (for 10th graders) also available. CLT assessments take ~2 hours.",https://cltexam.com,Classical Learning Initiative (CLT) published schedule
PSAT 10 — Spring 2027,exams,🟢 Watch List,School-dependent; register through high school guidance office. Testing window is February through April 2027.,10th grade students only,$18 (typical; varies by school; some schools cover the fee),Fee waivers available for low-income students,"Administered in-school only. Not used for National Merit qualification (only PSAT/NMSQT counts). Designed as practice. Testing window: February 1 - April 30, 2027.",https://collegeboard.org/psat-10,College Board PSAT 10 historical schedule
National Merit Scholarship Program — 2026-2027 Cycle,exams,🟢 Watch List,October 2026 PSAT/NMSQT is the qualifying test. Semifinalists announced September 2027. Finalist applications due by October 2027. Scholarship winners announced February-July 2028.,"Only 11th-grade students who take the PSAT/NMSQT in October 2026. Must be enrolled in high school in the US, District of Columbia, or US territories.",Included in PSAT/NMSQT fee ($18 typical); no separate application fee for National Merit,"National Merit Scholarships: $2,500 one-time (Corporate-sponsored and College-sponsored scholarships vary).",Key dates: Oct 2026 - PSAT/NMSQT administration. Sep 2027 - Semifinalists named (top ~1% scorers in each state). Oct 2027 - Semifinalist applications due. Feb 2028 - Finalist notifications. Mar-Jun 2028 - Scholarship winners announced.,https://nationalmerit.org,National Merit Scholarship Corporation (NMSC)
USA Fencing Junior Olympic Fencing Championships (JO's),fencing,🟢 Watch List,November-December 2026 (registration opens; tournament occurs February 2027),"Current US Fencing members in good standing. Y10/Y12/Y14 (age-based), Cadet (born 2009 or later), Junior (born 2007 or later). Must qualify via regional points or national rolling points system.",$100-$200 per event (USFA membership + event fees; varies by events entered),USA Fencing offers need-based scholarship funds for qualifying fencers; travel grants may be available through regional divisions,"The second-most prestigious national fencing championship after Summer Nationals. Highly competitive, attracts top fencers nationwide. Qualifying requirements vary by region. Points from NACs feed into qualification. Essential for college recruiting exposure.",https://www.usafencing.org/junior-olympic-championships,USA Fencing
USA Fencing National Championships & July Challenge (Summer Nationals),fencing,🟢 Watch List,March-April 2027 (registration opens early 2027; early registration discount typically 4-6 weeks before event),"Open to all current US Fencing members. Divisions: Y10 (born 2017+), Y12 (2015+), Y14 (2013+), Cadet (2009+), Junior (2007+), Division II, Division III. Age eligibility determined by year of birth.",$150-$300 per event (USFA membership + registration fees; varies by number of events),Limited need-based fee waivers through USA Fencing Foundation; some travel support through regional divisions,The premier fencing event of the year. National Champions crowned. Critical for college recruiting exposure. Multiple events can be entered simultaneously. Typically 5-7 day event. Registration opens ~3-4 months before.,https://www.usafencing.org/national-championships,USA Fencing
USA Fencing North American Cup (NAC) Series – 2026-2027 Season,fencing,🟢 Watch List,Rolling registration per event (typically opens 6-8 weeks before each NAC; closes 2-3 weeks before). First NAC usually September-October 2026.,"Current US Fencing members. Cadet (born 2009+), Junior (born 2007+), Division I (open, competitive minimum), Division II (rating C & below, or unrated), Division III (rating D, E, or unrated).",$100-$175 per event per NAC; USFA membership required (~$70-$90 annually),USA Fencing offers limited need-based support; athletes can apply through regional divisions for travel subsidies,Essential series for building national ranking points. 4-5 NACs per season. Points earned determine seedings at Junior Olympics and Nationals. Strong performance at NACs is the primary path to national visibility and college recruiting. Travel required.,https://www.usafencing.org/north-american-cup,USA Fencing
New England Sectional Championships (Division I/II/III),fencing,🟢 Watch List,March-April 2027 (registration typically opens 4-6 weeks before event date),"Current US Fencing members residing in or affiliated with the New England division. Division I (open), Division II (C & below or unrated), Division III (D, E, unrated).",$50-$100 per event (USFA membership + sectional event fee),No formal aid system for sectionals; regional divisions may offer some support,Closest major qualifying event for CT-based fencer. Typically held in Massachusetts (Boston area) or Rhode Island. Direct qualification path to Summer Nationals. Lower travel costs than NACs. Strong field due to New England's competitive fencing scene.,https://www.usafencing.org/new-england-section,USA Fencing / New England Division
"New England Division Youth Circuit (Y8, Y10, Y12, Y14) Series",fencing,🟢 Watch List,Events held monthly September through May 2026-2027. Registration for each event opens 3-4 weeks prior.,"Current US Fencing members. Age divisions: Y8 (born 2018+), Y10 (born 2016+), Y12 (born 2014+), Y14 (born 2012+). New England division fencers.",$30-$60 per event (USFA membership + NEYC event fee),Some regional divisions offer need-based fee support for youth programs,"Good for younger fencers building experience. For rising junior, focus should shift to Cadet and Junior NAC-level events. However, Y14 can serve as additional competition for age-eligible fencers. Events held regionally in New England.",https://www.usafencing.org/new-england-youth-circuit,USA Fencing / New England Division
Connecticut Fencing Association (CFA) Scholastic Circuit,fencing,🟢 Watch List,Season runs September-November (fall) and March-May (spring). Registration per event opens 2-3 weeks prior.,Currently enrolled high school students in Connecticut. Open to all grade levels. School affiliation recommended but not always required. US Fencing membership may be required.,$20-$40 per event (CFA membership + event fee; annual CFA membership ~$25-$35),No formal aid; events are low-cost intentionally,"Excellent local competition circuit. Low cost, minimal travel. Builds competitive experience close to home. Good resume builder for less experienced fencers. May not carry the national weight of NACs but valuable for consistent competition.",https://www.ctfencing.org/,Connecticut Fencing Association
CIAC (Connecticut Interscholastic Athletic Conference) High School Fencing Championships,fencing,🟢 Watch List,February-March 2027 (state championship typically early March; regular season runs December-February). Check with school athletic department.,Currently enrolled high school students at CIAC member schools in Connecticut. Must meet CIAC academic eligibility requirements (minimum GPA and course credits). School team participation required.,School-funded (covered by school athletic fees typically $100-$300 for the season),School-based financial aid for athletic fees may be available at some schools,Official state championship. Winning or placing well is a strong credential. Requires school team participation. Not all CT high schools have fencing teams — check if student's school participates. The CIAC fencing season runs winter (Dec-Feb) with championships in March.,https://www.casciac.org/sports/fencing/,Connecticut Interscholastic Athletic Conference (CIAC)
USA Fencing Summer Nationals – Youth/Cadet/Junior Events,fencing,🟢 Watch List,Registration typically opens February-March 2027. Early registration discount period (~March-April). Late registration with surcharge through May-June.,"Y10 (born 2017+), Y12 (2015+), Y14 (2013+), Cadet (2009+), Junior (2007+). US Fencing membership required.",$100-$200 per youth/Junior event. USFA membership required (~$75 annual for competitive membership).,USA Fencing Foundation offers limited need-based scholarships for youth fencers. Regional divisions may offer support.,Culminating event of the fencing season. National ranking points awarded. College coaches attend. Volunteering as a referee or organizer can provide additional leadership experience.,https://www.usafencing.org/summer-nationals-youth,USA Fencing
Mid-Atlantic/South Region NAC (Regional North American Cup),fencing,🟢 Watch List,"Varies by event. Typically 2-3 regional NACs per season (Fall 2026, Winter 2027, Spring 2027). Registration opens 6-8 weeks before each event.","US Fencing members. Division II (C & below or unrated), Division III (D, E, unrated), Y14. Some events may offer Cadet.",$60-$100 per event (lower than national NAC fees),Limited regional support may be available,"Lower cost, closer travel, and less intense competition than national NACs. Good for gaining competitive experience and earning ratings. NJ/NY/PA venues are drivable from CT (2-4 hours).",https://www.usafencing.org/regional-nac,USA Fencing
Yale University Fencing Camps (Summer 2027),fencing,🟢 Watch List,Registration opens Winter 2026-2027. Sessions typically fill by May-June 2027. Early registration discount available.,"Fencers aged 12-18. All weapons (foil, epee, sabre). All skill levels from beginner to advanced. No competitive minimum required.",$500-$900 per session (day: ~$500-$600; overnight: ~$800-$900). Multiple sessions available (typically 4-5 day sessions in June-July).,Limited financial aid may be available; inquire directly with Yale Fencing camp office,"Excellent opportunity to train with Ivy League coaching staff. Located in New Haven, CT — 30-60 min drive from most CT locations. College recruiting exposure through coach interaction. Good summer training option that does not require travel.",https://yalebulldogs.com/sports/2020/4/28/ycamps-fencing-camps.aspx,Yale University Athletics / Yale Fencing
Harvard University Fencing Camps (Summer 2027),fencing,🟢 Watch List,Registration opens Winter 2027. Sessions fill by May-June. Early bird discount typically available.,Fencers aged 12-18. All skill levels and weapons. No minimum competitive requirement.,"$600-$1,200 per session (day: ~$600-$800; overnight: ~$1,000-$1,200). Typically runs 5-6 day sessions in June-July.",Limited financial aid available; inquire directly with Harvard Fencing camp office,Elite Ivy League camp with high-level coaching. College recruiting exposure — Harvard coaches actively scout camp attendees. Boston location easily reached from CT. Good for building skills and making connections.,https://gocrimson.com/sports/2018/10/22/fencing-camps.aspx,Harvard University Athletics / Harvard Fencing
New England Fencing Conference (NEFC) Collegiate Events – High School Recruitment Exposure,fencing,🟢 Watch List,Ongoing (no registration). College visits arranged individually through school admissions or fencing coach contacts.,High school fencers interested in NCAA fencing. No formal eligibility — self-directed networking and coach outreach.,Free to attend college meets as a spectator. Travel costs self-funded.,N/A,"Not a tournament, but a networking/recruiting pathway. Key NEFC schools: Harvard (D1), Yale (D1), Brown (D1), Dartmouth (D1), MIT (D3), Sacred Heart (D1, CT), Brandeis (D3), Tufts (D3), Boston College (club). College coaches attend NACs and Junior Olympics to recruit — strong NAC performances feed into NEFC recruitment.",https://nefencing.com/,New England Fencing Conference (NEFC)
Sacred Heart University Fencing (SHU) – Summer Skills Camp,fencing,🟢 Watch List,Registration opens Spring 2027. Sessions typically run in June-July. Space limited.,Fencers aged 13-18. All weapons. Intermediate to advanced level recommended. No minimum competitive requirement.,$400-$700 per session (day commuter option ~$400-$500; residential ~$600-$700),Limited financial aid available; inquire with SHU Fencing,"Only NCAA Division I fencing program in Connecticut. Excellent local option. SHU coaches actively recruit high school fencers. Camp provides direct coach interaction for recruitment pipeline. Fairfield is ~1 hour from New Haven, ~1.5 hrs from Hartford.",https://sacredheartpioneers.com/sports/2018/9/18/fencing-camps.aspx,Sacred Heart University Athletics
PRIORITY: USA Fencing Membership – Competitive (2026-2027 Season),fencing,🟢 Watch List,"Annual membership runs August 1 – July 31. For 2026-2027 season, membership available from August 1, 2026. Renewal deadline for season start: September 2026.",Open to all fencers. No age or skill minimum for membership. Parental consent required for minors.,$75-$90 for competitive membership (annual); $45 for access membership (limited); club dues vary ($200-$800+/year depending on club),USA Fencing offers need-based fee waivers for competitive membership; contact USA Fencing membership services,Prerequisite for all USA Fencing competitions. Also includes access to USA Fencing's college recruiting resources and athlete development programs. Renew annually. Join early (August/September) to secure early registration windows.,https://www.usafencing.org/membership,USA Fencing
USA Fencing Cadet/Junior National Team Tryouts & Development Camps,fencing,🟢 Watch List,"Tryouts: February-July 2027 (based on Junior Olympics and Summer Nationals results). Development camp applications: rolling, typically due 4-6 weeks before each camp.","Junior (born 2007 or later), Cadet (born 2009 or later). Top 8-16 finish at Junior Olympics or Summer Nationals typically required for national team consideration. Development camps open to nationally ranked fencers.",National Team selection: covered by USA Fencing for selected athletes. Development camps: $200-$500 per camp (partial scholarships available). Travel to Colorado Springs self-funded unless selected for national team.,"Full funding for national team members (travel, equipment, coaching). Need-based support for development camps.",Prestigious pathway for elite fencers. World Championship and World Cup competition. CT athletes have historically made Cadet/Junior World Teams. Essential for fencers aiming at Olympic pipeline or elite college recruiting.,https://www.usafencing.org/cadet-junior-team,USA Fencing
New Haven Fencing Center – Local CT Club & Competition,fencing,🟢 Watch List,Club enrollment: rolling (year-round). Local competitions: check NHFC calendar for 2026-2027 season dates.,Open to all ages 8+. No experience required for beginner programs. Competitive program requires tryout or coach approval.,Club membership: $150-$350/month depending on program level (competitive vs. recreational). Annual club fee: $100-$200. Local competition entry: $20-$50.,Limited need-based scholarships may be available; inquire directly with club. Some clubs offer work-study or partial scholarships.,"Local club option for consistent year-round training. Access to quality coaching, practice partners, and local competitions. Club affiliation provides pathway to larger USA Fencing events. Alternative clubs include: Candlewood Fencing Center (Brookfield, CT), Thames River Fencing (Waterford, CT), Boston Fencing Club (if near MA border).",https://www.newhavenfencingcenter.com/,New Haven Fencing Center
Swords & Sabers Fencing Club (CT) – Tournament Series,fencing,🟢 Watch List,Events held monthly during season (September-June). Registration opens 3-4 weeks before each event.,Open to all fencers. Unsanctioned events may not require USFA membership. Sanctioned events require USFA membership.,$25-$50 per local tournament entry. Club membership: $100-$300/month depending on program.,Inquire with club regarding financial assistance,Hartford-area club offering regular competition. Good for building experience close to home. Unsanctioned events are lower cost and lower barrier to entry.,https://www.swordsandsabers.com/,Swords & Sabers Fencing Club
"Candlewood Fencing Center (Brookfield, CT) – Competitions & Training",fencing,🟢 Watch List,Club enrollment: rolling. Local/regional competition registration: varies by event.,All ages and levels. Competitive program requires commitment to tournament travel.,Club membership: $150-$400/month depending on program intensity. Competition entry: $30-$60 per local event.,Limited financial assistance; inquire with club directly,Fairfield County's premier fencing club. Strong competitive record. Good for western CT residents close to NY border. Club has historically produced national-level fencers.,https://www.candlewoodfencing.com/,Candlewood Fencing Center
USA Fencing College Recruiting Webinars & Resources,fencing,🟢 Watch List,Webinars held throughout 2026-2027 season. Registration typically opens 2-4 weeks before each webinar. No hard deadline — sign up when available.,Open to all USA Fencing members (competitive membership recommended). Parent participation encouraged.,Free (all USA Fencing college recruiting resources are free to members),Free resources; no financial assistance needed,"Essential resource for navigating NCAA fencing recruitment. Covers NCAA rules, coach contact protocol, academic requirements, and athletic resume building. Free to all members. Recorded webinars available on demand.",https://www.usafencing.org/college-recruiting,USA Fencing
NCAA Fencing – Eligibility & Recruiting Timeline (2028 Graduation),fencing,🟢 Watch List,NCAA Eligibility Center: Register by spring 2027 of junior year. SAT/ACT testing: complete by fall 2027 (senior year). Early signing period: November 2027. Regular signing period: April 2028.,High school graduates. NCAA core course completion (16 core courses). Minimum GPA and SAT/ACT sliding scale. Amateur status maintained. Registration with NCAA Eligibility Center.,NCAA Eligibility Center registration: $90 (fee waiver available for low-income students). SAT/ACT: $60-$70 each (fee waivers available).,NCAA fee waiver program available. Athletic scholarships available at Division I (head-count or equivalency). Division III offers academic/need-based aid only.,"Essential pathway for college fencing. Contact coaches early (junior year). Create fencing highlight video and competition resume. NAC performance is the primary evaluation metric for college coaches. Key fencing colleges for CT student: Sacred Heart (D1, CT), Yale (D1), Harvard (D1), Brown (D1), MIT (D3), Brandeis (D3), Tufts (D3), Vassar (D3), St. John's (D1), Ohio State (D1), Notre Dame (D1), Princeton (D1), Columbia (D1), Penn (D1).",https://www.ncaa.org/sports/2014/12/10/fencing.aspx,NCAA / USA Fencing
PRIORITY: 2026-2027 USA Fencing Season Calendar & Registration,fencing,🟢 Watch List,NAC #1 registration: August-September 2026. Junior Olympics registration: December 2026-January 2027. Summer Nationals registration: March-May 2027.,Competitive USFA membership required. Age/rating requirements vary per event division.,See individual event entries above. Competitive USFA membership: ~$75-90 annually.,USA Fencing need-based fee waiver program for competitive membership and event fees.,"Full season of events recommended for maximum college recruiting exposure. 4 NACs + Junior Olympics + Summer Nationals = 6 major events. Budget for travel, lodging, coaching fees (~$5,000-$10,000 for full season). Some events may be closer (e.g., Richmond, VA; Atlanta, GA are drivable).",https://www.usafencing.org/calendar,USA Fencing
National Fencing Club of Fairfield (CT) – Youth & High School Program,fencing,🟢 Watch List,Club enrollment: rolling year-round. Competition registration: per event.,All ages and skill levels. Competitive program requires club tryout or coach recommendation.,Club membership: $150-$350/month depending on program frequency. Competition fees extra.,Inquire with club regarding financial assistance options,Another Fairfield County option (serving southwestern CT). Strong competitive program with NAC/JO participation. Good alternative to Candlewood depending on location and coaching fit.,https://www.nationalfencingclub.com/,National Fencing Club of Fairfield
"Thames River Fencing Club (Waterford, CT) – SE Connecticut Program",fencing,🟢 Watch List,Club enrollment: rolling year-round. Local competition registration: per event.,All ages. Beginner through competitive. No tryout required for recreational programs.,Club membership: $100-$250/month (lower than larger clubs). Local competition entry: $20-$40.,May offer flexible payment plans; inquire directly,Southeastern Connecticut's primary fencing club. Smaller club but more affordable and personalized. Good for fencers in the New London/Mystic/Stonington area. Competition travel to NACs/JOs may need to be self-coordinated.,https://www.thamesriverfencing.com/,Thames River Fencing Club
North American Fencing Alliance (NAFA) – International Fencing Competitions for Youth,fencing,🟢 Watch List,Events held throughout the season. Registration typically opens 6-8 weeks before each event.,Youth fencers aged 8-20. US Fencing membership typically accepted. International fencers welcome.,$75-$150 per event. NAFA membership may be required (~$50 annually).,Limited; inquire directly with NAFA,Adds international dimension to fencing resume. Events held in North America (no overseas travel needed). Good for gaining exposure to different fencing styles. Valuable talking point for college applications.,https://www.nafafencing.com/,North American Fencing Alliance (NAFA)
Peter Westbrook Foundation – Fencing Scholarships & Programs,fencing,🟢 Watch List,Applications typically open in spring for summer program; fall for academic year program. Check website for 2027 dates.,"Youth from diverse backgrounds (racial/ethnic minorities, low-income, first-generation). Ages 8-18. NYC tri-state area residents (including CT). Demonstrated financial need and commitment to fencing.","Free for accepted participants (full scholarship: includes training, equipment, travel support)",Full scholarship for all accepted participants. No cost to join. Equipment and travel support provided.,Prestigious foundation with Olympic legacy. Full scholarship programming. Strong emphasis on academic support and college prep. NYC location is commutable from CT. Excellent opportunity for talented fencers from diverse backgrounds. Peter Westbrook is a 6-time Olympian and Olympic medalist.,https://www.peterwestbrookfoundation.org/,Peter Westbrook Foundation
USA Fencing Diversity & Inclusion Scholarship / Grant Programs,fencing,🟢 Watch List,Rolling applications throughout the season. Fund distribution: typically quarterly. Apply early in season (August-October 2026) for maximum benefit.,Current USA Fencing members or joining members. Must demonstrate financial need and/or belong to an underrepresented group in fencing. Open to all ages.,"Free to apply. Grants cover membership ($75-90), competition fees, and travel expenses.","Grants of up to $500-$2,000 depending on demonstrated need and competition level. Equipment grants also available.",Valuable funding source for competition travel. Apply at start of season (Aug-Sept 2026). Also check for regional division-specific grant programs (New England Division may have additional funds).,https://www.usafencing.org/diversity-equity-inclusion,USA Fencing
University of North Carolina Fencing Camp (Summer 2027),fencing,🟢 Watch List,Registration opens Winter 2027. Sessions typically fill by May-June. Early bird discount available.,Fencers aged 12-18. All weapons and levels. No minimum competitive requirement.,"$600-$1,000 per session (overnight). Day commuter rates available (~$400-$600).",Limited financial aid; inquire with UNC Fencing camp office,Strong fencing program with NCAA Division I team. Good option if student is also interested in UNC for college. ACC fencing is competitive. Southern camp option — good variety for summer training. Combine with college visits in the Southeast.,https://uncfencing.com/camps/,University of North Carolina at Chapel Hill
Regeneron Science Talent Search (STS),general_competitions,🟢 Watch List,Mid-November annually (typically November 14). For Class of 2028: November 2027.,High school seniors in the United States or US citizens abroad. Must attend a US high school or be a US citizen attending a foreign school.,Free to enter. No application fee.,"Top 300 scholars receive $2,000 each (plus $2,000 for their school). 40 finalists receive $25,000 minimum plus an all-expenses-paid trip to Washington, D.C. Top award: $250,000. Total awards: $3.6+ million.","Requires submission of an original independent research project (20-page paper). Must have a mentor/advisor signature. Strongly values scientific rigor, creativity, and deep understanding. Can be a continuation of multi-year research. About 1,800-2,000 entries annually. Not income-based at all — purely merit-based. Ideal for STEM-focused students.",https://www.societyforscience.org/regeneron-sts/,Society for Science official website
National Merit Scholarship Program,general_competitions,🟢 Watch List,PSAT/NMSQT is administered in October each year. For Class of 2028: October 2026. No separate application deadline — qualification is through the test.,US high school students who take the PSAT/NMSQT in 11th grade. Must be enrolled in a US high school and planning to enroll full-time in a US college. US citizenship or permanent residency required for most awards.,"The PSAT/NMSQT has a fee (~$18-20), but many schools cover it or waive it. No additional cost for the scholarship program itself.","Three types of awards: (1) National Merit $2,500 Scholarship — 2,500 winners, one-time $2,500. (2) Corporate-sponsored scholarships — 950+ winners, varying amounts, often renewable. (3) College-sponsored scholarships — 3,800+ winners, up to full tuition at sponsor colleges.","No income restrictions whatsoever. Fully merit-based. To maximize chances, prepare for the PSAT/NMSQT during junior year. Semifinalists are announced in September of senior year (September 2027 for Class of 2028). Finalists must submit SAT scores confirming performance and complete an application including essays and activities. National Merit is one of the most prestigious academic honors a high school student can earn.",https://www.nationalmerit.org/,National Merit Scholarship Corporation official website
Coca-Cola Scholars Program,general_competitions,🟢 Watch List,Typically August 1 to October 31 of senior year. For Class of 2028: August-October 2027.,High school seniors in the United States planning to pursue a degree at an accredited US post-secondary institution. US citizenship or permanent resident status required. Must be currently enrolled in a US high school.,Free to apply. No application fee.,"$20,000 scholarship awarded to 150 scholars each year (selected from approximately 100,000+ applicants). Total annual award pool: $3 million.","Highly competitive — about 0.15% acceptance rate. Selection is 3-stage: initial application (activities, essays, GPA), semifiinalist interview (regional), and finalist selection. Not based on financial need. Emphasis on leadership, service, and academic achievement equally. Indian American students are well-represented among winners. No restriction based on income — purely merit and character-based.",https://www.coca-colascholarsfoundation.org/,Coca-Cola Scholars Foundation official website
Davidson Fellows Scholarship,general_competitions,🟢 Watch List,Typically early February each year. For 2027 (student would be 16-17): February 2027 deadline. For 2028: February 2028.,Students age 18 or younger as of application deadline who are US citizens or legal residents. Must NOT have already received a Davidson Fellowship. Work must be a significant piece of original work — equivalent to a graduate-level thesis or professional portfolio.,Free to apply. No application fee.,"$50,000 (up to 4 awards), $25,000 (up to 4 awards), $10,000 (up to 16 awards). Total annual pool: approximately $500,000+.","Not income-based — open to all regardless of financial situation. Extremely selective — typically 20-25 Fellows per year nationwide. The work should be at the level of an advanced undergraduate or graduate student. Reputation: the $50,000 Davidson Fellows are among the most distinguished high school scholars in the country. Student could start a research project now (summer 2026 after 10th grade) to submit by February 2027 of 11th grade.",https://www.davidsongifted.org/gifted-programs/davidson-fellows/,Davidson Institute for Talent Development official website
Connecticut Bar Association High School Mock Trial Competition,law_civics,🟢 Watch List,2026-09-15,"Grades 9-12, Connecticut high school teams",Free (school registers team; minimal materials fee ~$50-100 per team),False,"CT-based, directly relevant to law interest. Top programs at Greenwich HS, Hall HS (West Hartford), Danbury HS, Staples HS (Westport), and Conard HS. Attorney volunteers provide coaching. Excellent first step into competitive mock trial. Repeats annually.",https://www.ctbar.org/for-the-public/community/mock-trial,https://www.ctbar.org/for-the-public/community/mock-trial
National High School Mock Trial Championship (NHSMTC),law_civics,🟢 Watch List,TBD,Must qualify as state champion from CT Bar Association Mock Trial Competition,"Varies by state team (est. $1,000-$2,500 per student for travel, lodging, registration, materials)",False,"Gateway is winning CT state mock trial. National 2026 location: Columbia, South Carolina. May 7-9, 2026. Repeats annually. High prestige in college admissions.; deadline may have passed",https://nationalmocktrial.org,https://nationalmocktrial.org
We the People: The Citizen and the Constitution,law_civics,🟢 Watch List,TBD,High school students in grades 9-12; school-based team/class,~$150-$200 per student for national finals travel (state competition minimal); school curriculum materials provided,False,"One of the most prestigious civics programs in the US. National Finals at the National Conference Center near Washington DC. CT has active state competition. Strong fit for law/civics interest. Repeats annually.; repeats annually, check for 2027 dates",https://www.civiced.org/we-the-people,https://www.civiced.org/we-the-people
American Legion High School Oratorical Contest,law_civics,🟢 Watch List,TBD,High school students under age 20; US citizens or legal residents,Free to enter,False,"Top scholarships: 1st place $25,000, 2nd $22,500, 3rd $20,000. State winners receive scholarships too. Each state winner (including CT) advances to nationals. Strong fit for public speaking and constitutional law interest. Repeats annually.; repeats annually, check for 2027 dates",https://www.legion.org/oratorical,https://www.legion.org/oratorical
Yale Model Congress (YMC),law_civics,🟢 Watch List,2026-11-15,High school students in grades 9-12; individual or delegation registration,~$300-$500 per delegate (conference fee); commuter option available for local CT students reducing costs significantly,True,CT-based at Yale — easily accessible by Metro-North or car from anywhere in CT. One of the most prestigious Model Congress conferences in the US. Excellent for law/civics interest. Repeats annually. Conference typically held in January or February.,https://www.yalemodelcongress.org,https://www.yalemodelcongress.org
Harvard Model Congress (HMC),law_civics,🟢 Watch List,TBD,High school students in grades 9-12; school delegation or individual registration,"$325-$500 per delegate (conference fee); total with travel/hotel ~$800-$1,200",True,"Boston location accessible from CT. Supreme Court simulation option directly relevant to law interest. Conference is typically in February (President's Day weekend). Repeats annually.; repeats annually, check for 2027 dates",https://www.harvardmodelcongress.org,https://www.harvardmodelcongress.org
Edward Zelinsky Youth and Law Forum (formerly CT Youth and Law Forum),law_civics,🟢 Watch List,TBD,Rising high school juniors and seniors (current 10th and 11th graders). Connecticut residents. Strong academic record and demonstrated interest in law.,FREE (tuition-free program; all materials provided),True,"EXCELLENT fit — CT-based, free, law-focused, selective. Student's Indian American background could bring valuable perspective. Highly recommended as a first-choice summer program for this student. Deadline is approximate — check website for exact 2026 dates.; deadline may have passed",https://education.uconn.edu/academics/zelinsky-youth-law-forum/,https://education.uconn.edu/academics/zelinsky-youth-law-forum/
Quinnipiac University Pre-College Law Institute,law_civics,🟢 Watch List,TBD,Rising grades 10-12 (some exceptional 9th graders considered),"~$3,100 for 2-week residential program (includes tuition, room, board, materials)",True,CT-based law program at a university with a well-regarded law school. Law School is located on the North Haven campus. Students experience law school-style classes. Good alternative if student doesn't get into Zelinsky forum. Repeats annually.; deadline may have passed,https://www.qu.edu/admissions/pre-college-programs/summer-institute-for-high-school-students/,https://www.qu.edu/admissions/pre-college-programs/summer-institute-for-high-school-students/
Yale Invitational Debate Tournament,law_civics,🟢 Watch List,2026-09-01,High school students with school debate team affiliation,~$50-$150 per entry (school/team registration fee varies by event),False,"CT-based at Yale. Extremely prestigious tournament. If student's school has a debate team, this is an annual highlight. National-level competition in their backyard. Repeats annually (typically held in September).",https://www.yaledebate.org,https://www.yaledebate.org
Constitutional Rights Foundation - Civic Action Project (CAP),law_civics,🟢 Watch List,2026-10-01,High school students in grades 9-12,Free,False,Free program. Student can work on a law-related policy issue independently. Good for building advocacy and research skills. Flexible timeline. Repeats annually.,https://www.crf-usa.org/civic-action-project,https://www.crf-usa.org/civic-action-project
We the Students Scholarship (Constitutional Rights Foundation),law_civics,🟢 Watch List,TBD,High school students in the US (grades 9-12),Free to enter,False,"Cash prizes: 1st $1,000, 2nd $750, 3rd $500. Teachers of winners also receive prizes. Free to enter. Good practice for legal writing. Repeats annually.; deadline may have passed",https://www.crf-usa.org/we-the-students,https://www.crf-usa.org/we-the-students
Marshall-Brennan National Moot Court Competition,law_civics,🟢 Watch List,TBD,High school students at schools with Marshall-Brennan chapters,Free to participating schools and students,True,"Excellent moot court experience. If student's school doesn't participate, they could work with a teacher to bring the program. National competition at American University in DC. Free program.; repeats annually, check for 2027 dates",https://www.wcl.american.edu/impact/initiatives-programs/marshallbrennan/national-moot-court-competition/,https://www.wcl.american.edu/impact/initiatives-programs/marshallbrennan/national-moot-court-competition/
University of New Haven National Security Summer Institute (NSSI) - Forensics & Law Track,law_civics,🟢 Watch List,TBD,Rising high school juniors and seniors (ages 16-18),"~$2,000-$2,500 (residential program)",True,CT-based program at UNH. Unique intersection of forensic science and law/criminal justice. Bridges the student's potential bio-science interest with law interest. Repeats annually.; deadline may have passed,https://www.newhaven.edu/admissions-aid/pre-college-programs/national-security-summer-institute/,https://www.newhaven.edu/admissions-aid/pre-college-programs/national-security-summer-institute/
Supreme Court Fellows Program (High School Essay Contest),law_civics,🟢 Watch List,TBD,High school students in grades 9-12,Free to enter,True,"Very prestigious — associated with the US Supreme Court directly. All-expenses-paid trip to DC for winners. Free to enter. Excellent for law-interested student. Repeats annually.; repeats annually, check for 2027 dates",https://www.supremecourt.gov/publicinfo/high_school_essay_contest.aspx,https://www.supremecourt.gov/publicinfo/high_school_essay_contest.aspx
John F. Kennedy Profile in Courage Essay Contest,law_civics,🟢 Watch List,2027-01-17,US high school students in grades 9-12,Free to enter,False,"Very prestigious. $10,000 first prize. Strong law/government relevance. Good for a student interested in constitutional law and government. Repeats annually with new topic released each September.",https://www.jfklibrary.org/learn/education/profile-in-courage-essay-contest,https://www.jfklibrary.org/learn/education/profile-in-courage-essay-contest
"Yale Young Global Scholars (YYGS) - Politics, Law & Economics",law_civics,🟢 Watch List,TBD,Current high school students (typically 10th-11th grade at time of application); age 16+,"~$6,700-$7,000 (tuition, room, board, activities, travel insurance)",True,"CT-based at Yale. PLE session directly relevant to law interest. World-class program. Financial aid is generous and need-blind. Highly selective but student should apply. Repeats annually.; repeats annually, check for 2027 dates",https://globalscholars.yale.edu/,https://globalscholars.yale.edu/
OCA-UPS Gold Mountain Scholarship,scholarships,🟢 Watch List,2027-03-31,Asian Pacific American (APA) high school senior; first-generation college student (neither parent completed a 4-year degree); U.S. citizen or permanent resident,0,"$2,000 one-time scholarship","Only applicable if student is first-generation college attendee. Heritage-aligned for Indian American students. If eligible, strong cultural fit.",https://www.ocanational.org/scholarships,web
Courage to Grow Scholarship,scholarships,🟢 Watch List,rolling,U.S. high school students (any grade) and college students; any citizenship status,0,$500 per month (new winner each month),Low-competition monthly drawing. Quick application (short essay). Can apply as many times as desired — different essay each month. Small award but easy application process makes it worthwhile for resume addition.,https://www.couragetogrowscholarship.com/,web
Doodle for Google Scholarship,scholarships,🟢 Watch List,2027-03-15,"Students in grades K-12 in the U.S., Guam, Puerto Rico, and U.S. Virgin Islands",0,"National Winner: $30,000 scholarship + $50,000 tech package for school. Five National Finalists: $5,000 each. State/Territory Winners: $1,000 each.","Theme changes annually. Open to all grades. Requires submission of original artwork. National winner is a standout achievement for any college application. If student has artistic talent, this is a worthwhile entry.",https://doodles.google.com/d4g/,web
American Legion Auxiliary Girls State / Boys State Scholarships,scholarships,🟢 Watch List,2027-03-01,Current high school juniors (rising seniors); U.S. citizen; selected by local American Legion post or school nomination,0,Varies by state — many programs offer scholarships to delegates and/or merit awards for distinguished participation,Connecticut Boys State and Girls State programs held annually. Selection typically through school recommendation or American Legion post sponsorship. Some programs may have associated costs covered by sponsors. Strong leadership and civics fit.,https://www.legion.org/boysstate,web
NCWIT Award for Aspirations in Computing,scholarships,🟢 Watch List,2027-01-15,"9th-12th grade women, genderqueer, or non-binary students in the U.S.; must demonstrate computing interests and activities",0,"National winners: $500 cash + computing package. State/local affiliate winners: varies (some offer cash scholarships up to $1,000)",Strong fit for female Indian American student interested in computing/STEM. Can apply annually. National recognition is prestigious. State and local affiliate awards available with lower competition.,https://www.aspirations.org/award/award-for-aspirations-in-computing,web
USA Biology Olympiad (USABO) 2027,science_math,🟢 Watch List,2027-01-15,High school students grades 9-12 enrolled in a US school,0,National Finalists receive all-expenses-paid trip to training camp; travel to IBO covered for US team members,Excellent fit for biology-interested student. Prepare using Campbell Biology and USABO practice exams. High competitiveness but very achievable with dedicated study. Top 20 make National Finals (all expenses paid). Register through school in Fall 2026.,https://www.cee.org/programs/usa-biology-olympiad-usabo,https://www.cee.org/programs/usa-biology-olympiad-usabo
Regeneron International Science & Engineering Fair (ISEF) 2027,science_math,🟢 Watch List,2027-02-01,Grades 9-12; must qualify through an SSP-affiliated regional/state science fair,0,"Top award $75,000. Over $8M total annually. Multiple category awards, special awards, and scholarships from partner organizations.","Ultimate goal for science fair pipeline. Path: CSEF registration Dec-Jan -> CSEF March -> ISEF May. Extremely competitive but very strong college admissions signal. Biology categories include Cellular/Molecular Bio, Microbiology, Biochemistry, Plant Sciences, Animal Sciences.",https://www.societyforscience.org/regeneron-isef/,https://www.societyforscience.org/regeneron-isef/
AMC 12 A/B 2026,science_math,🟢 Watch List,2026-10-18,High school students in grade 12 or below; must take at a registered school site,varies by school (typically $10-$30),None,Strong alignment given student's STEM profile. Aim for AIME qualification (top ~5%). Consider also taking AMC 10 as practice. Prepare with AoPS (Art of Problem Solving) materials. Competitiveness for AIME is high but achievable with dedicated preparation.,https://maa.org/amc/explore-amc/competitions/amc-12,https://maa.org/amc/explore-amc/competitions/amc-12
AIME (American Invitational Mathematics Examination) 2027,science_math,🟢 Watch List,2027-02-11,Invitation only based on AMC 10/12 performance,0,None,"AIME qualification alone is a strong college admissions signal. For biology interest, strong math foundation is complementary. Prepare using AoPS AIME materials.",https://maa.org/amc/explore-amc/competitions/aime,https://maa.org/amc/explore-amc/competitions/aime
Science Olympiad National Tournament 2027,science_math,🟢 Watch List,2026-10-01,"High school students (Div C, grades 9-12); membership is school-based",varies by school team ($250-$300 school membership + event materials),None generally; some local sponsors may support school teams,Excellent team-based competition with strong biology events. Good for building broad science knowledge. Not as individually prestigious as USABO/ISEF but great for depth and team collaboration experience. Many CT high schools participate.,https://www.soinc.org,https://www.soinc.org
BioGENEius Challenge 2027,science_math,🟢 Watch List,2027-02-12,High school students in grades 9-12,0,Cash prizes for winners; recognition at BIO International Convention,"Terrific fit for biology interest with biotech focus. Can use same research project as science fair. Lower volume of applicants than ISEF, so potentially higher visibility. Strong signal for pre-med/biotech career interest.",https://biogeneius.org/,https://biogeneius.org/
Genes in Space 2027,science_math,🟢 Watch List,2027-04-17,"US students in grades 7-12, including US territories and DoD schools worldwide",0,"Winning experiment built and flown to ISS; $3,000+ award; lab supplies and mentorship provided",Unique opportunity combining biology and space. Less competitive than ISEF/USABO but very distinctive for college apps. The 'my experiment went to space' angle is memorable. Good supplemental activity alongside main research project.,https://www.genesinspace.org/,https://www.genesinspace.org/
Junior Science and Humanities Symposium (JSHS) 2028,science_math,🟢 Watch List,2028-01-15,High school students grades 9-12; U.S. citizen or permanent resident,0,"National scholarships up to $12,000; regional awards vary. All-expenses-paid national symposium for regional winners.",Another venue for presenting original research that complements ISEF. Can use same research project. Administered by National Youth Science Foundation. 5 regional symposia covering the U.S. Good for biology-focused research presentations.,https://www.jshs.org/,https://www.jshs.org/
National Science Bowl 2027,science_math,🟢 Watch List,2027-01-15,High school students (grades 9-12); school-based team registration,0,"All-expenses-paid trip to national finals in Washington, DC for winning teams; scholarships and trophies",Fast-paced buzzer competition format. Good for reinforcing broad science knowledge including biology. Team competition — strengths in different science areas complement each other.,https://science.osti.gov/wdts/nsb,https://science.osti.gov/wdts/nsb
AMC 10 A/B 2026,science_math,🟢 Watch List,2026-10-18,Students in grade 10 or below (rising junior still eligible if under grade 11),varies by school (typically $10-$30),None,Good practice opportunity if student hasn't taken AMC before. Can also take AMC 12 in same testing window. AIME qualification is worthwhile regardless of which AMC level.,https://maa.org/amc/explore-amc/competitions/amc-10,https://maa.org/amc/explore-amc/competitions/amc-10
MIT THINK Scholars Program 2027,science_math,🟢 Watch List,2027-01-01,High school students in the US,0,"Up to $1,000 project funding; expense-paid trip to MIT for finalists","Less competitive than RSI but still prestigious. Good for testing a research idea with lower stakes. Funding of $1,000 helps cover project costs. Application is a proposal, not completed research — so student can apply with a summer 2027 research plan.",https://think.mit.edu/,https://think.mit.edu/
Research Science Institute (RSI),summer_programs,🟢 Watch List,"December 11, 2026 (estimated, typically early December)",Rising high school seniors (current 11th graders applying in junior year). Must be US citizens or permanent residents. Very competitive (~80 students selected from ~3000+ applicants).,Free (no tuition; stipend available for travel),Full scholarship; travel stipend provided,The most prestigious US summer science program. Highly recommended for biology research. Free and provides full support. Accepts ~80 students. MIT campus + research mentorship.,https://www.cee.org/programs/research-science-institute,Center for Excellence in Education (CEE)
Summer Science Program (SSP) – Biochemistry Track,summer_programs,🟢 Watch List,February 2027 (typically late January/early February; international applications earlier),Current high school juniors (rising seniors). Must be at least 15 by program start. Open to US and international students.,"$7,400 (2025 rate; updated 2027 cost TBD)",Need-based financial aid available; no student pays more than they can afford,"Very prestigious interdisciplinary science program. Biochemistry track is excellent for biology interests. Research-focused, team-based. Multiple locations possible.",https://summerscience.org/,Summer Science Program Consortium
Clark Scholar Program,summer_programs,🟢 Watch List,"February 13, 2027 (estimated, typically mid-February)",High school juniors and seniors (rising juniors and seniors). US citizenship or permanent residency required.,Free (no tuition; room and board provided),"Full scholarship including room, board, and a $750 stipend",Free program with stipend. Strong for biology research. Competitive but less so than RSI. Faculty mentorship model.,https://www.ttu.edu/ClarkScholar/,Texas Tech University
NIH High School Summer Internship Program (HS-SIP),summer_programs,🟢 Watch List,"February 1, 2027 (typically early February)","US citizens or permanent residents. Must be at least 16 years old by June 15, 2027. Must have completed at least junior year of high school or be enrolled in a formal post-high school gap year program.",Free (no tuition; stipend provided),Full stipend; housing assistance may be available based on need,"World-class biomedical research. Located at NIH main campus (Bethesda, MD — accessible from CT). Stipend of ~$2,800-$3,500 for the summer. Excellent for biology interests. Very competitive.",https://www.training.nih.gov/programs/high-school-summer-internship-program,National Institutes of Health (NIH)
Jackson Laboratory Summer Student Program (SSP),summer_programs,🟢 Watch List,January 2027 (typically mid-January),High school juniors (must be 16+). US citizenship or permanent residency required. Connecticut residents encouraged to apply (Farmington campus).,Free (no tuition),"Full scholarship with stipend (~$5,500) and free on-campus housing provided",Outstanding genomics/genetics research program. JAX Farmington is local to Connecticut. Free with stipend and housing. Very competitive. Strong for biology/pre-med track.,https://www.jax.org/education-and-learning/high-school-students-and-teachers/summer-student-program,The Jackson Laboratory
Boettcher Foundation's Boettcher Scholar Program – No direct summer program (noted for relevance),summer_programs,🟢 Watch List,N/A,N/A,N/A,N/A,Not a structured summer program. Excluded from active recommendations.,https://biology.boettcherlab.org/education/,Boettcher Lab / CU Denver
Telluride Association Summer Seminar (TASS) – Critical Black Studies / Anti-Oppressive Studies,summer_programs,🟢 Watch List,January 2027 (typically mid-January),Current high school sophomores and juniors. Must be at least 15 by July 1. Open to US and international students.,"Free (no tuition; all expenses paid including travel, room, board, and books)",Full scholarship with stipend ($500). All costs covered including travel.,Extremely prestigious. Free (all expenses covered). Not biology-focused but strong for law/critical thinking. Very selective. Student could consider for humanities/law angle.,https://www.tellurideassociation.org/our-programs/high-school-students/summer-seminars/,Telluride Association
JCamp – The Concord Review's Summer Program for High School Students,summer_programs,🟢 Watch List,"February 2027 (rolling, typically early February for priority)",Current high school students. Open internationally. English proficiency required.,"$5,000 (2025 rate; 2027 rate TBD)",Need-based financial aid available (approximately 50% of students receive aid),Excellent for legal/law interest through historical writing and research. 2-week format allows combination with biology programs. Strong research paper output for college applications.,https://www.tcr.org/jcamp/,The Concord Review
Georgetown University Summer High School Programs – Law & Politics,summer_programs,🟢 Watch List,Rolling admissions starting December 2026 (early application recommended as programs fill quickly),"Current high school students (rising sophomores, juniors, and seniors). Minimum 2.0 GPA.","~$2,500-$3,500 per 1-week session (2025 rates); multiple sessions available",Limited need-based financial aid available,Good for law interest exploration in DC. Can pair with a biology/medicine academy. Less competitive admission but more enrichment-focused than research. Multiple sessions available in same summer.,https://summer.georgetown.edu/Programs/HighSchoolPrograms,Georgetown University
Cornell University Summer College – Biology & Research Track,summer_programs,🟢 Watch List,Rolling admissions starting January 2027 (priority deadline ~March 2027),"Current high school sophomores, juniors, and seniors. Minimum 3.0 GPA.","~$2,000-$3,000 per week (3-week: ~$6,000-$9,000; 6-week: up to $16,000)",Limited need-based financial aid available,"College credit courses. Expensive. Good for exploring biology at an Ivy League institution. 3-week option available for rising juniors. New England location (Ithaca, NY).",https://www.sce.cornell.edu/ss/hs-programs,Cornell University
Columbia University Science Honors Program (SHP),summer_programs,🟢 Watch List,October 2026 (typically early October for the academic year; summer component enrollment follows),"Current high school freshmen, sophomores, and juniors in the NY/NJ/CT tri-state area. Competitive admission based on exam and GPA.",Free (no tuition for selected participants),Free program,Free program for tri-state area students. Connecticut resident qualifies. Not a research program but advanced coursework. Excellent academic credential.,https://shp.columbia.edu/,Columbia University
Program in Mathematics for Young Scientists (PROMYS),summer_programs,🟢 Watch List,March 2027 (typically early March),"Current high school freshmen, sophomores, juniors, and seniors. No age restriction. Open to international students.","~$6,000 (2025 rate; financial aid available)",Need-based financial aid available; no student denied for financial reasons,"Math focused, not biology. Only relevant if student has strong math interests that complement biology. Included for completeness.",https://promys.org/,Boston University / PROMYS Foundation
UChicago Summer Session – Research in the Biological Sciences (RIBS),summer_programs,🟢 Watch List,February 2027 (typically early February for priority),Current high school sophomores and juniors (rising juniors and seniors). Must be 14+. Strong science background recommended.,"~$6,800 (2025 rate; includes tuition, room, and board)",Need-based financial aid available; limited full scholarships,Excellent hands-on biology lab program. University of Chicago is strong in biological sciences. More affordable than some comparable programs.,https://summer.uchicago.edu/programs/ribs,University of Chicago
UPenn Summer High School Programs – Biomedical Research Academy,summer_programs,🟢 Watch List,March 2027 (rolling; priority by March 1),"Current high school freshmen, sophomores, and juniors. Minimum 3.3 GPA recommended.","~$4,000-$5,000 (2025 rate; includes tuition, room, and board)",Limited need-based financial aid available,Good biology enrichment at an Ivy League school. 3-week format allows for combining with other programs. Philadelphia easily accessible from CT.,https://www.summerdiscovery.sas.upenn.edu/,University of Pennsylvania
Johns Hopkins University Center for Talented Youth (CTY) – Biology & Law Courses,summer_programs,🟢 Watch List,Rolling admissions starting January 2027 (courses fill quickly),"Must qualify through CTY talent search (SCAT, SAT, or ACT scores). Grades 7-12 depending on course.","~$3,500-$5,000 per 3-week session (2025 rates)",Need-based financial aid available for qualifying families,"For gifted students — must pre-qualify via talent search. Courses are academic enrichment, not research. Can pair biology and law courses in same summer.",https://cty.jhu.edu/programs/on-campus,Johns Hopkins University
Cold Spring Harbor Laboratory – DNA Learning Center Summer Programs,summer_programs,🟢 Watch List,"March 2027 (rolling, typically late March)","Current high school sophomores, juniors, and seniors (varies by program). Must be 16+ for some programs.","~$2,500 - $4,000 depending on program length (2025 rates)",Need-based financial aid available,World-renowned lab (Nobel laureates). Strong molecular biology focus. Long Island is accessible from CT. Affordable compared to many programs.,https://www.dnalc.org/programs/,Cold Spring Harbor Laboratory
Scripps Research High School Summer Internship,summer_programs,🟢 Watch List,January 2027 (typically mid-January),Current high school juniors. US citizenship or permanent residency. Strong science GPA. Preference given to local students near La Jolla or Jupiter campuses.,Free (no tuition; stipend provided),Full program with stipend; housing not provided (local students preferred),Excellent research at elite biomedical institute. Free with stipend. Very competitive. Location preference may disadvantage CT student.,https://www.scripps.edu/education/graduate/summer-research-internships/high-school/,Scripps Research Institute
Cold Spring Harbor Laboratory – Partners for the Future (PF) Program,summer_programs,🟢 Watch List,May 2026 (for existing partnerships; inquire directly for new applicants),Long Island (Nassau/Suffolk County) high school students only. Must be nominated by high school science department. Current juniors and seniors.,Free (no tuition; stipend may be available),Free program,Excellent but limited to Long Island residents. Noted for completeness but likely not applicable to CT student.,https://www.cshl.edu/partners-for-the-future/,Cold Spring Harbor Laboratory
Princeton University Laboratory Learning Program (LLP),summer_programs,🟢 Watch List,May 2027 (rolling; positions fill early),"Current high school juniors and seniors in the Princeton, NJ area. Commuter program only.",Free (no tuition; no stipend),Free program; no housing provided (commuter program for local students),Free but commuter-only and NJ-local. Noted as a model but likely geographically impractical.,https://www.princeton.edu/lyall/llp/,Princeton University
Carnegie Mellon University Summer Academy for Math and Science (SAMS),summer_programs,🟢 Watch List,March 2027 (typically early March),"Rising high school seniors. US citizens or permanent residents. Must be from backgrounds underrepresented in STEM, which includes racial/ethnic minorities, first-generation college, and low-income students.","Free (no tuition; room, board, and travel covered)",Full scholarship for all participants,Free program at CMU with full support. Underrepresented STEM focus. Good for biology within STEM curriculum.,https://www.cmu.edu/pre-college/academy/,Carnegie Mellon University
Ohio State University – Research Internship for High School Students,summer_programs,🟢 Watch List,"February 2027 (estimated, typically mid-February)",Rising high school seniors. US citizenship required. First-generation and underrepresented students encouraged.,Free (stipend provided),Full program with stipend,Free with stipend. Good research experience. Midwest location may be less convenient for CT student.,https://undergrad.osu.edu/multicultural-center/high-school-programs,The Ohio State University
University of Michigan – Michigan Math and Science Scholars (MMSS) – Biology Track,summer_programs,🟢 Watch List,March 2027 (rolling; priority by March 1),"Current high school freshmen, sophomores, and juniors. Minimum 3.0 GPA.","~$2,500 - $3,000 (2025 rate; includes tuition, room, and board)",Need-based financial aid available,Shorter program (2 weeks) — good as a supplement or introduction. Midwest location. Affordable.,https://lsa.umich.edu/mmss/,University of Michigan
Wake Forest University – Summer Scholars Program (Biology & Law Tracks),summer_programs,🟢 Watch List,Rolling starting December 2026; priority March 2027,"Current high school sophomores, juniors, and seniors. Minimum 3.0 GPA recommended.","~$3,500 - $4,000 per session (2025 rates); $500 discount for multiple sessions",Need-based financial aid available,"Can attend both biology and law tracks. Interactive, seminar-style. North Carolina location (flight required).",https://precollege.wfu.edu/,Wake Forest University
NYU Tandon School of Engineering – Summer Research Program (Applied Research Innovations in Science and Engineering – ARISE),summer_programs,🟢 Watch List,March 2027 (typically mid-March),Current high school juniors. Must be 16+ by program start. NYC metro area residents preferred.,"Free (no tuition; stipend of $1,500 provided)",Full program with stipend. NYC metro area students preferred (no housing).,Free with stipend. NYC accessible from CT. Bioengineering focus relevant to biology. Metro-area friendly.,https://engineering.nyu.edu/k12schools/programs/summer/arise,New York University (NYU Tandon)
Albert Einstein College of Medicine – High School Summer Research Program,summer_programs,🟢 Watch List,February 2027 (typically mid-February),Current high school juniors (rising seniors). Must be 16+. Bronx/Westchester/NYC/CT area residents preferred. US citizenship or permanent residency.,Free (no tuition; stipend provided),"Full program with stipend (~$2,000). Housing not provided (commuter program).",Free with stipend. Excellent biomedical research in NYC. CT commutable. Competitive.,https://www.einsteinmed.edu/education/pipeline-programs/high-school/,Albert Einstein College of Medicine
Wesleyan University – Summer Programs (Pre-College & Research),summer_programs,🟢 Watch List,Rolling admissions starting February 2027,"Current high school sophomores, juniors, and seniors.","~$3,000 - $5,000 for credit courses (2025 rates)",Need-based financial aid available for Connecticut residents,Local Connecticut option. Wesleyan is a top-tier liberal arts college. Pre-college credit courses available. Good backup option close to home.,https://www.wesleyan.edu/summer/,"Wesleyan University (Middletown, CT)"
University of Chicago – Pathways in Molecular Engineering,summer_programs,🟢 Watch List,February 2027 (typically mid-February),Current high school juniors. Must be 16+ by program start. Chicago area residents preferred.,Free (no tuition; stipend provided),Full program with stipend,Free with stipend. Chicago location is far from CT. Noted for completeness.,https://pmr.uchicago.edu/programs/pathways-molecular-engineering,University of Chicago / Pritzker School of Molecular Engineering
Duke University – Summer College for High School Students (Biology & Law Tracks),summer_programs,🟢 Watch List,March 2027 (rolling; priority by March 1),"Current high school sophomores, juniors, and seniors. Minimum 3.0 GPA.","~$5,000 - $7,000 (2025 rate; varies by course load)",Need-based financial aid available,College credit at Duke. North Carolina location. Can combine biology and legal studies. Expensive but aid available.,https://summersession.duke.edu/high-school-students,Duke University
Broad Institute Summer Research Program (BioRopes / Broad Scholars),summer_programs,🟢 Watch List,February 2027 (typically early February),"Current high school juniors. Must be 16+ by program start. Boston area students preferred (no housing provided, commuter program).",Free (no tuition; stipend provided),"Full program with stipend (≈$3,000-$4,000). MBTA pass provided.",World-class genomics research. Free with stipend. Cambridge/Boston accessible from CT by train (Amtrak/MBTA). No housing — commute or self-arrange.,https://www.broadinstitute.org/early-career-discovery/summer-programs,Broad Institute of MIT and Harvard
National Student Leadership Conference (NSLC) – Medicine & Healthcare / Law & Advocacy,summer_programs,🟢 Watch List,Rolling admissions starting October 2026 (programs fill early),"Current high school freshmen, sophomores, juniors, and seniors. Minimum GPA 3.0 recommended (varies by track).","~$3,500 - $4,500 (2025 rate; varies by location and duration)",Limited merit-based scholarships available,"Leadership focused, not research. Good for exploring both biology/medicine and law interests. 9-day format can be combined with other programs. Expensive. Less competitive admission.",https://www.nslcleaders.org/,National Student Leadership Conference
Stanford National Forensic Institute (SNFI) – Summer Debate and Law Programs,summer_programs,🟢 Watch List,Rolling admissions starting February 2027; early bird discount typically by March,Current high school students entering grades 9-12. No prior debate experience required for some tracks.,"~$2,500 - $4,500 depending on session length (2025 rates)",Limited need-based financial aid; some diversity scholarships available,Law-adjacent (debate/mock trial). Stanford campus. Good for developing law career skills. Not biology-related.,https://snfi.stanford.edu/,Stanford University
University of Connecticut – Early College Experience (ECE) Summer,summer_programs,🟢 Watch List,April 2027 (rolling; courses fill early),"Current high school sophomores, juniors, and seniors. Minimum GPA 3.0 for most courses.","~$1,500 - $2,000 per course (2025 in-state rate; significantly cheaper than other options)",Limited financial aid available for CT residents,Most affordable option. College credit. Local (CT). Can take biology and law courses. Excellent value for building transcript. UConn is strong in biological sciences.,https://ece.uconn.edu/summer/,University of Connecticut
Harvard Medical School – MEDscience Summer Program,summer_programs,🟢 Watch List,Rolling admissions starting February 2027; priority by April 1,"Current high school sophomores, juniors, and seniors. Interest in medicine/healthcare required.","~$2,500 - $3,500 (2025 rate; 1-week session)",Limited need-based financial aid available,Clinical simulation focus (not research). Good pre-med exposure. Short duration allows combining with other programs. Boston location accessible from CT.,https://medscience.hms.harvard.edu/summer-program,Harvard Medical School
Boston University – Summer Law Academy,summer_programs,🟢 Watch List,Rolling admissions starting February 2027; priority by April 1,"Current high school sophomores, juniors, and seniors. Minimum 3.0 GPA recommended.","~$2,500 (2025 rate; commuter program)",Limited need-based aid available,Law-focused program in Boston. Short 2-week format. Commuter program (no housing). Could pair with a biology program for a split summer.,https://www.bu.edu/summer/high-school-programs/summer-law-academy/,Boston University School of Law
Scholastic Art & Writing Awards,writing_humanities,🟢 Watch List,2026-12-15,Students in grades 7-12 (ages 13+) in US and Canada,10,Partial fee waivers available for students with financial need via online portal,"Extremely prestigious for college applications. Gold Key winners advance to national judging. National Gold Medalists receive recognition at Carnegie Hall ceremony in June. Also serves as pathway to National Student Poets Program (open to grades 10-11, $5,000 scholarship). Student can submit up to 3 entries per category. Fee waivers available. Strong college admissions signal — top tier for humanities/creative writing.",https://www.artandwriting.org/,web
John Locke Institute Essay Competition,writing_humanities,🟢 Watch List,2027-05-31,Under 19 years old as of submission deadline. Junior Prize for under 15; Senior Prize for ages 15-18. Open to all nationalities.,0,Free entry if registered early. Late registration $10 USD. Travel grants may be awarded to winners for the awards ceremony at Oxford.,"One of the most prestigious international essay competitions. Awards ceremony and academic conference at Oxford University in October. Categories include Law (strong fit for student's bio+law interests) and History. AI tools permitted but may negatively affect assessment. One academic referee required. Strong college admissions signal, especially for top US/UK universities.",https://www.johnlockeinstitute.com/essay-competition,web
National History Day,writing_humanities,🟢 Watch List,2027-02-15,Students in grades 6-12. Paper category open to individual entries. Must use annotated bibliography with primary and secondary sources. AI-generated text prohibited.,0,No national entry fee. Regional affiliates may charge $10-30 but many provide fee support or waivers.,"Paper category does not require on-site presentation — judged entirely digitally. Students can write on Indian American history, South Asian diaspora, bioethics, legal history — many angles relevant to student's interests. National contest draws ~3,000 participants. Extremely strong for college apps, especially for history/political science/law interests. Theme for 2027: 'Taking a Stand in History'.",https://www.nhd.org/,web
YoungArts National Arts Competition (Writing),writing_humanities,🟢 Watch List,2026-10-17,"Grades 10-12 or ages 15-18 as of December 1 of application year. US citizens, permanent residents, or legally able to receive taxable income in the US with SSN.",0,"Free to apply. Cash awards up to $10,000. Finalists also receive mentorship and residency opportunities.","Very prestigious — strong college admissions recognition. Winners can receive up to $10,000. National YoungArts Week in Miami for top winners. Also connects to US Presidential Scholars in the Arts program (extremely prestigious). Application typically opens in summer. Can submit work in multiple writing categories. Free to apply.",https://youngarts.org/apply,web
Bennington College Young Writers Awards,writing_humanities,🟢 Watch List,2026-11-01,Students in grades 9-12 worldwide. Grade 12 students must complete Bennington Common/Coalition App first. Grades 9-11 submit directly.,0,"Free entry. No application fee. Cash prizes for winners. Top prize includes up to $15,000 in Bennington College scholarship.","Strong New England-based program. 1st, 2nd, 3rd place winners per category plus Distinguished submissions recognized by grade level. All winners receive cash prizes. New England-based school — good regional fit for CT student. Bennington is a respected liberal arts college. Free to enter.",https://www.bennington.edu/young-writers-awards,web
New York Times Student Editorial Contest,writing_humanities,🟢 Watch List,2027-02-15,Students ages 11-19 worldwide in middle or high school.,0,Free entry. No fees whatsoever.,"Prestigious for college applications — publication on NYT platform is a standout credential. Editorial Contest requires 450-word argument on a topic. Student could tie to bioethics, law, or Indian American perspectives. Also has Narrative Writing (Oct-Nov), Review (Nov-Dec), and other contests throughout the year. Free to enter. Less competitive than Scholastic but more accessible.",https://www.nytimes.com/spotlight/learning-contests,web
Ayn Rand Institute Essay Contests,writing_humanities,🟢 Watch List,2027-02-13,"Grades 8-12 worldwide, ages 13+. Must be enrolled in school during contest period. Specific grade restrictions per novel contest.",0,"Free entry. Cash prizes for winners: Anthem ($2,000), Fountainhead ($10,000), Atlas Shrugged ($20,000).","Well-known national competition with substantial cash prizes. Anthem contest (grades 8-12) is good for 10th/11th grade. Fountainhead (grades 11-12, April deadline) and Atlas Shrugged (grades 11-12, October deadline) available later. Good practice for analytical essay writing. Free to enter. Established program running for decades.",https://aynrand.org/contests/,web
Foyle Young Poets of the Year Award,writing_humanities,🟢 Watch List,2027-07-31,Ages 11-17 as of July 31 of competition year. Open internationally — no citizenship requirements.,0,"Free entry. Winners receive publication, mentoring, and anthology inclusion.",One of the largest youth poetry competitions globally. 85 winners per year — relatively high chance compared to other prestigious competitions. Publication in prestigious anthology. Top 15 winners receive mentoring and commendation. Previous winners have gone on to major literary careers. Deadline is always July 31 annually. Winners announced in the fall.,https://poetrysociety.org.uk/competitions/foyle-young-poets-of-the-year-award/,web
Adroit Journal Prizes for Poetry & Prose,writing_humanities,🟢 Watch List,2027-05-01,Grades 9-12 (high school division). One piece per genre. Open internationally.,10,"Not specified. Fee may be limited, check for waivers.","Well-regarded literary journal competition. $500-$1,000 for top winners. Publication in Adroit Journal — strong for college apps in creative writing. Prose category accepts fiction or creative nonfiction. $10 fee is reasonable. Note: verify deadline for current cycle.",https://theadroitjournal.org/prize,web
NCTE Achievement Awards in Writing,writing_humanities,🟢 Watch List,2027-02-01,High school juniors (11th grade) only. School nomination required — up to 2 students per school. Must be enrolled in a US school.,0,Free entry. None needed (free to enter).,Strong national recognition from NCTE. School nomination is the key barrier — student should connect with English teacher about this. Up to 2 students per school — competitive but manageable. National winners announced in October. Important credential for college applications in humanities.,https://ncte.org/awards/achievement-awards-in-writing/,web
The Concord Review,writing_humanities,🟢 Watch List,2027-12-01,"High school students (grades 9-12) worldwide. Must submit original history research paper of 4,000-6,000 words.",50,Fee waivers available for qualifying students.,"Extremely prestigious — among the strongest humanities credentials for college admissions. Publication in TCR is a standout achievement. Student could write on Indian American history, South Asian diaspora, bioethics history, or legal history. Should start research in summer 2026 before 11th grade. Rolling deadlines with four issues per year. One of the most prestigious journals for high school history research.",https://www.tcr.org/,web
National WWII Museum High School Essay Contest,writing_humanities,🟢 Watch List,2027-04-01,US high school students (grades 9-12).,0,"Free entry. First prize: expense-paid trip to New Orleans + $1,000.","Good for history enthusiasts. Trip to New Orleans is a unique prize. Topic changes annually — check website for current topic. Smaller competition pool than some other contests, which can be advantageous.",https://www.nationalww2museum.org/students-teachers/student-programs/high-school-essay-contest,web
Princeton University 10-Minute Play Contest,writing_humanities,🟢 Watch List,2026-12-01,"Current 11th grade high school students only. Requires cover page with name, DOB, school, address, phone, email.",0,Free entry. Winner receives full scholarship to Princeton Summer Theater Program (6-week program).,Very selective (single winner annually). Prize is full scholarship to 6-week Princeton Summer Theater Program. Strong college admissions signal from Princeton itself. Requires playwriting skills. Check arts.princeton.edu in fall 2026 for exact deadline.,https://arts.princeton.edu/about/opportunities/high-school-ten-minute-play-contest/,web
JASNA Jane Austen Essay Contest,writing_humanities,🟢 Watch List,2027-06-01,Grades 9-12 (High School division). Also College and Graduate divisions available.,0,Free entry. No JASNA membership required. Prize includes free lodging at Annual General Meeting. Cash prizes.,Good for literature-focused student. Topic changes annually (2026 topic: 'Men and Boys in Jane Austen's Novels'). Late entries accepted until next morning. Free to enter. JASNA AGM is a prestigious academic conference.,https://jasna.org/essay-contest/,web
Ocean Awareness Contest,writing_humanities,🟢 Watch List,2027-06-08,"Ages 11-18 worldwide. Two divisions: Junior (11-14) and Senior (15-18). Adult sponsor (teacher, parent, mentor) required.",0,Free entry. Cash awards for winners.,"Excellent for environmentally-themed writing. Creative Writing and Poetry & Spoken Word categories. Theme changes annually — 2026 sub-themes include Sustains, Protects, and Inspires. Individual or group entries allowed. Cash awards. Strong for students interested in environmental science + humanities.",https://bowseat.org/programs/ocean-awareness-contest/,web
We The Students Essay Contest,writing_humanities,🟢 Watch List,2027-04-15,Grades 9-12 and homeschooled students in the United States.,0,"Free entry. First prize: $5,000 scholarship. Runner-up prizes also available.","Civics/constitutional focus — strong fit for student interested in government, history, or law. Judges look for strong thesis and evidence use. Topic released in fall of each year. Free to enter. Good practice for constitutional law essays.",https://billofrightsinstitute.org/contest/apply/we-the-students-essay-contest,web
Markkula Center for Applied Ethics Essay Contest,writing_humanities,🟢 Watch List,2027-03-15,High school students in grades 9-12.,0,Free entry. Cash prizes for winners.,Directly relevant to student's bio+law interests. Good practice for longer scholarly essays. Markkla Center is well-regarded in ethics education. Topic changes annually. Check website in fall 2026 for current prompt.,https://www.scu.edu/ethics/,web
Niblock Student Essay Contest (University of Pittsburgh Bioethics),writing_humanities,🟢 Watch List,2027-06-01,High school students in grades 9-12.,0,Free entry. Cash prizes for winners.,Smaller prize but niche relevance to biology+law. Great for demonstrating focused interest. Published on bioethics.pitt.edu. University of Pittsburgh has a strong bioethics program. Check website in Spring 2026 for current prompt.,https://www.bioethics.pitt.edu/education/high-school-bioethics/niblock-student-essay-contest,web
Kennedy Institute of Ethics Essay Contest (Georgetown),writing_humanities,🟢 Watch List,2027-04-15,High school students in grades 9-12.,0,Free entry. Cash prizes for winners.,Bioethics + law intersection. Georgetown is a top-tier institution. Good fit for student with interdisciplinary interests in biology and law. Check website in early 2027 for current topic and deadline.,https://kennedyinstitute.georgetown.edu/,web
Poetry Out Loud,writing_humanities,🟢 Watch List,2027-01-15,US high school students in grades 9-12. Must participate through a school or organization.,0,"Free entry. National champion: $20,000 + school stipend. State winners receive $200-1,000.","Not writing but oral performance of poetry. Only if student is interested in performance/recitation. National champion receives $20,000. Significant prize pool. Strong for college apps if student reaches state or national level. Check if CT schools participate.",https://www.poetryoutloud.org/,web
Connecticut Youth Poet Laureate Program,writing_humanities,🟢 Watch List,2027-09-01,Connecticut residents ages 13-19. Must submit poetry portfolio and demonstrate community engagement.,0,Free to apply. No fees. Winner receives platform and opportunities for public readings and events.,Winner can apply for National Youth Poet Laureate. Serves as state ambassador for poetry. Includes public readings and events. Excellent for a CT-based student. Strong for college apps — state-level recognition. Check website for application opening date.,https://www.ctyouthpoetlaureate.org/,web
National Youth Poet Laureate Program,writing_humanities,🟢 Watch List,2027-12-01,Ages 13-19. Must be a local or state youth poet laureate to apply for national program.,0,Free to apply. Stipend for national laureate. Travel and program expenses covered.,"Ultimate national recognition for youth poetry. Must go through local affiliate first (CT Youth Poet Laureate for this student). Extremely competitive at national level. If interested in poetry, this is the highest recognition pathway available.",https://www.youthpoetlaureate.org/,web
GrubStreet Teen Writing Fellowship,writing_humanities,🟢 Watch List,2027-03-01,New England teens in grades 10-12. Includes Connecticut residents. Competitive application process.,0,Fully funded program — free for all participants. No tuition or fees.,Free program. Includes CT students. Application typically due early March. Competitive fellowship with mentorship and publication. Strong for college apps — demonstrates commitment to writing. GrubStreet is a well-respected creative writing center.,https://grubstreet.org/,web
AFSA National High School Essay Contest,writing_humanities,🟢 Watch List,2027-04-01,US high school students in grades 9-12.,0,"Free entry. First prize: expense-paid trip to Washington, DC + cash award.","Trip to DC is a unique prize. Topic could be tied to international bioethics, global health law, or Indian American diaspora perspectives. Good for students interested in international relations. Check afsa.org in fall 2026 for current topic.",https://afsa.org/essay-contest,web
CT Mirror High School Journalism Contest,writing_humanities,🟢 Watch List,rolling,Connecticut high school students.,0,Free to submit. No fees.,"Local CT opportunity for student journalists. Student can submit op-eds, news articles. CT-specific angle for local journalism. Publication in a real news outlet is a strong credential. Check site for specific contest dates or ongoing submission guidelines.",https://ctmirror.org/category/high-school-journalism/,web
Iowa Young Writers Studio,writing_humanities,🟢 Watch List,2027-02-01,Rising 10th-12th graders (current 9th-11th graders at time of application). Must submit writing portfolio and personal statement.,2300,Need-based and merit-based financial aid available. Partial to full aid based on demonstrated need.,"Widely considered the top pre-college creative writing program in the US. Based at the Iowa Writers' Workshop — the most prestigious creative writing program in the country. Applications typically open February, deadline ~March. Approx 15-20% acceptance rate. Strong portfolio required. Financial aid available. This is a summer program, not a competition — but extremely valuable for college apps.",https://iowayoungwritersstudio.submittable.com/,web
Kenyon Review Young Writers Awards,writing_humanities,🟢 Watch List,2026-11-01,"High school students (grades 9-12), ages 14+, worldwide.",20,Not specified. $20 fee per entry.,Kenyon Review is one of the most prestigious literary magazines in the US. First place: $500 + publication + workshop scholarship. $20 fee is reasonable for the prestige. Note: last cycle before program may pause. Good fit for serious writers.,https://kenyonreview.org/young-writers,web
National Student Poets Program,writing_humanities,🟢 Watch List,2027-06-01,Students in grades 10-11 (rising 11th grader is eligible). Must be a Gold Medalist in poetry from Scholastic Art & Writing Awards.,0,"$5,000 scholarship per National Student Poet. Free to be considered — must first earn Gold Medal in Scholastic Art & Writing Awards (poetry).","Ultimate national recognition for youth poetry. Only 5 students selected nationally each year. $5,000 scholarship. Winners serve as national ambassadors for poetry. Requires Gold Medal in Scholastic Art & Writing Awards first. Pathway: Scholastic Gold Medal → NSPP application → national selection. Extremely prestigious.",https://www.artandwriting.org/national-student-poets-program/,web
Telluride Association Summer Seminar (TASS),writing_humanities,🟢 Watch List,2027-01-15,Current high school sophomores and juniors (rising juniors and seniors). Open to all nationalities.,0,"Full scholarship for all participants — tuition, room, and board fully covered. Free program. Travel stipends available.","Free for all participants — covers tuition, room, and board. Highly prestigious. Requires strong essay and demonstrated intellectual curiosity. Applications open October 2026. One of the most selective humanities programs in the US. Excellent for college admissions.",https://www.tellurideassociation.org/,web
Stanford Summer Humanities Institute,writing_humanities,🟢 Watch List,2027-02-01,Rising high school juniors and seniors (current 10th and 11th graders).,8000,Need-based financial aid available. Limited number of full and partial scholarships.,"Approx 15-20% acceptance rate. Extremely selective. Application opens December 2026. Rolls into Stanford Pre-Collegiate Studies ecosystem. Tuition ~$8,000 including room/board. Financial aid available. Strong for college admissions — Stanford brand name. Student could focus on history/philosophy of science, bioethics, or legal humanities.",https://summerhumanitiesinstitute.stanford.edu/,web
